{
    "priorityActions": [
        {
            "id": "1",
            "type": "high",
            "title": "Equipment Approval Required",
            "time": "2 hours ago",
            "description": "Laptop requests for ",
            "descriptionBold": "Alice Baker",
            "icon": "laptop_mac",
            "actionLabel": "Review",
            "actionId": "equipment"
        },
        {
            "id": "2",
            "type": "medium",
            "title": "Assign Onboarding Buddy",
            "time": "Due Tomorrow",
            "description": "",
            "descriptionBold": "Mike Ross",
            "icon": "person_add",
            "actionLabel": "Assign",
            "actionId": "buddy"
        }
    ],
    "velocityMetrics": [
        {
            "day": "M",
            "value": 40
        },
        {
            "day": "T",
            "value": 60
        },
        {
            "day": "W",
            "value": 90,
            "active": true
        },
        {
            "day": "T",
            "value": 50
        },
        {
            "day": "F",
            "value": 75
        }
    ],
    "notifications": [
        {
            "id": "1",
            "user": "Alice Kumar",
            "message": "completed \"Security Training\".",
            "isUrgent": false
        },
        {
            "id": "2",
            "user": "John Doe",
            "message": "Laptop delivery delayed.",
            "isUrgent": true
        }
    ]
}