{
  "hash": "f31d1f82",
  "configHash": "9547cc98",
  "lockfileHash": "5538e8a6",
  "browserHash": "548d248d",
  "optimized": {
    "@angular/cdk/bidi": {
      "src": "../../../../../../node_modules/@angular/cdk/fesm2022/bidi.mjs",
      "file": "@angular_cdk_bidi.js",
      "fileHash": "521a33c4",
      "needsInterop": false
    },
    "@angular/cdk/scrolling": {
      "src": "../../../../../../node_modules/@angular/cdk/fesm2022/scrolling.mjs",
      "file": "@angular_cdk_scrolling.js",
      "fileHash": "cbd600f4",
      "needsInterop": false
    },
    "@angular/cdk/text-field": {
      "src": "../../../../../../node_modules/@angular/cdk/fesm2022/text-field.mjs",
      "file": "@angular_cdk_text-field.js",
      "fileHash": "bef921c0",
      "needsInterop": false
    },
    "@angular/common": {
      "src": "../../../../../../node_modules/@angular/common/fesm2022/common.mjs",
      "file": "@angular_common.js",
      "fileHash": "dfb3114f",
      "needsInterop": false
    },
    "@angular/common/http": {
      "src": "../../../../../../node_modules/@angular/common/fesm2022/http.mjs",
      "file": "@angular_common_http.js",
      "fileHash": "a07ee7c8",
      "needsInterop": false
    },
    "@angular/core": {
      "src": "../../../../../../node_modules/@angular/core/fesm2022/core.mjs",
      "file": "@angular_core.js",
      "fileHash": "5b42a7d0",
      "needsInterop": false
    },
    "@angular/forms": {
      "src": "../../../../../../node_modules/@angular/forms/fesm2022/forms.mjs",
      "file": "@angular_forms.js",
      "fileHash": "c776c7b6",
      "needsInterop": false
    },
    "@angular/material/button": {
      "src": "../../../../../../node_modules/@angular/material/fesm2022/button.mjs",
      "file": "@angular_material_button.js",
      "fileHash": "4d21a9c6",
      "needsInterop": false
    },
    "@angular/material/chips": {
      "src": "../../../../../../node_modules/@angular/material/fesm2022/chips.mjs",
      "file": "@angular_material_chips.js",
      "fileHash": "094b7193",
      "needsInterop": false
    },
    "@angular/material/divider": {
      "src": "../../../../../../node_modules/@angular/material/fesm2022/divider.mjs",
      "file": "@angular_material_divider.js",
      "fileHash": "782d60ab",
      "needsInterop": false
    },
    "@angular/material/form-field": {
      "src": "../../../../../../node_modules/@angular/material/fesm2022/form-field.mjs",
      "file": "@angular_material_form-field.js",
      "fileHash": "29cbffe0",
      "needsInterop": false
    },
    "@angular/material/icon": {
      "src": "../../../../../../node_modules/@angular/material/fesm2022/icon.mjs",
      "file": "@angular_material_icon.js",
      "fileHash": "6203c172",
      "needsInterop": false
    },
    "@angular/material/input": {
      "src": "../../../../../../node_modules/@angular/material/fesm2022/input.mjs",
      "file": "@angular_material_input.js",
      "fileHash": "6d145a28",
      "needsInterop": false
    },
    "@angular/material/list": {
      "src": "../../../../../../node_modules/@angular/material/fesm2022/list.mjs",
      "file": "@angular_material_list.js",
      "fileHash": "24576feb",
      "needsInterop": false
    },
    "@angular/material/progress-bar": {
      "src": "../../../../../../node_modules/@angular/material/fesm2022/progress-bar.mjs",
      "file": "@angular_material_progress-bar.js",
      "fileHash": "a7b51aba",
      "needsInterop": false
    },
    "@angular/material/snack-bar": {
      "src": "../../../../../../node_modules/@angular/material/fesm2022/snack-bar.mjs",
      "file": "@angular_material_snack-bar.js",
      "fileHash": "b0fa96bd",
      "needsInterop": false
    },
    "@angular/material/toolbar": {
      "src": "../../../../../../node_modules/@angular/material/fesm2022/toolbar.mjs",
      "file": "@angular_material_toolbar.js",
      "fileHash": "5b3dbb00",
      "needsInterop": false
    },
    "@angular/material/tooltip": {
      "src": "../../../../../../node_modules/@angular/material/fesm2022/tooltip.mjs",
      "file": "@angular_material_tooltip.js",
      "fileHash": "8467ce7f",
      "needsInterop": false
    },
    "@angular/platform-browser": {
      "src": "../../../../../../node_modules/@angular/platform-browser/fesm2022/platform-browser.mjs",
      "file": "@angular_platform-browser.js",
      "fileHash": "a29981dd",
      "needsInterop": false
    },
    "@angular/platform-browser/animations": {
      "src": "../../../../../../node_modules/@angular/platform-browser/fesm2022/animations.mjs",
      "file": "@angular_platform-browser_animations.js",
      "fileHash": "2f0cb360",
      "needsInterop": false
    },
    "@angular/router": {
      "src": "../../../../../../node_modules/@angular/router/fesm2022/router.mjs",
      "file": "@angular_router.js",
      "fileHash": "923f30e6",
      "needsInterop": false
    },
    "rxjs": {
      "src": "../../../../../../node_modules/rxjs/dist/esm5/index.js",
      "file": "rxjs.js",
      "fileHash": "2b9962d8",
      "needsInterop": false
    },
    "@angular/material/slide-toggle": {
      "src": "../../../../../../node_modules/@angular/material/fesm2022/slide-toggle.mjs",
      "file": "@angular_material_slide-toggle.js",
      "fileHash": "0c77c19a",
      "needsInterop": false
    }
  },
  "chunks": {
    "chunk-43WLM4ZT": {
      "file": "chunk-43WLM4ZT.js"
    },
    "chunk-BJ7C3726": {
      "file": "chunk-BJ7C3726.js"
    },
    "chunk-H64IKZ4A": {
      "file": "chunk-H64IKZ4A.js"
    },
    "chunk-LDJFTZNB": {
      "file": "chunk-LDJFTZNB.js"
    },
    "chunk-JSWM2PKG": {
      "file": "chunk-JSWM2PKG.js"
    },
    "chunk-XSECUWCW": {
      "file": "chunk-XSECUWCW.js"
    },
    "chunk-RLQXOOLK": {
      "file": "chunk-RLQXOOLK.js"
    },
    "chunk-ZT4MPUNU": {
      "file": "chunk-ZT4MPUNU.js"
    },
    "chunk-BPXQJRSP": {
      "file": "chunk-BPXQJRSP.js"
    },
    "chunk-XZRIHHJR": {
      "file": "chunk-XZRIHHJR.js"
    },
    "chunk-NGX5KMVR": {
      "file": "chunk-NGX5KMVR.js"
    },
    "chunk-FLCD4R7N": {
      "file": "chunk-FLCD4R7N.js"
    },
    "chunk-OQLDDXIK": {
      "file": "chunk-OQLDDXIK.js"
    },
    "chunk-5EWDFH2O": {
      "file": "chunk-5EWDFH2O.js"
    },
    "chunk-5H6MBJA4": {
      "file": "chunk-5H6MBJA4.js"
    },
    "chunk-KYP7WMFK": {
      "file": "chunk-KYP7WMFK.js"
    },
    "chunk-O7LISFRQ": {
      "file": "chunk-O7LISFRQ.js"
    },
    "chunk-HHZQS6W5": {
      "file": "chunk-HHZQS6W5.js"
    },
    "chunk-XYBFVC5N": {
      "file": "chunk-XYBFVC5N.js"
    },
    "chunk-E4CIPQBY": {
      "file": "chunk-E4CIPQBY.js"
    },
    "chunk-42QFQP6S": {
      "file": "chunk-42QFQP6S.js"
    },
    "chunk-N4DOILP3": {
      "file": "chunk-N4DOILP3.js"
    },
    "chunk-AUOUYU45": {
      "file": "chunk-AUOUYU45.js"
    },
    "chunk-S43VRXQM": {
      "file": "chunk-S43VRXQM.js"
    },
    "chunk-GUGIMSVJ": {
      "file": "chunk-GUGIMSVJ.js"
    },
    "chunk-FHXNRTFX": {
      "file": "chunk-FHXNRTFX.js"
    },
    "chunk-7LA4MYMM": {
      "file": "chunk-7LA4MYMM.js"
    },
    "chunk-UC72YTJX": {
      "file": "chunk-UC72YTJX.js"
    },
    "chunk-SZYYS24I": {
      "file": "chunk-SZYYS24I.js"
    },
    "chunk-AOQ4RCD5": {
      "file": "chunk-AOQ4RCD5.js"
    },
    "chunk-WKLQYTUL": {
      "file": "chunk-WKLQYTUL.js"
    },
    "chunk-PJVWDKLX": {
      "file": "chunk-PJVWDKLX.js"
    }
  }
}