[
    {
        "category": "Getting Started",
        "prompts": [
            {
                "title": "IT Setup Guide",
                "content": "I need a step-by-step guide to set up my laptop, connect to the VPN, and install the required development software."
            },
            {
                "title": "First Week Checklist",
                "content": "Create a checklist of mandatory tasks I need to complete during my first week, including HR forms and security training."
            },
            {
                "title": "Who is my Buddy?",
                "content": "Who has been assigned as my onboarding buddy? Please provide their contact info and a suggested intro message."
            }
        ]
    },
    {
        "category": "HR & Benefits",
        "prompts": [
            {
                "title": "Health Insurance Summary",
                "content": "Summarize the key differences between the Standard and Premium health insurance plans for a single employee."
            },
            {
                "title": "PTO Policy",
                "content": "Explain the Paid Time Off (PTO) policy. How many days do I accrue per month and does it roll over?"
            },
            {
                "title": "Expense Reimbursement",
                "content": "What is the process for submitting expenses for my home office equipment? Is there a budget limit?"
            }
        ]
    },
    {
        "category": "Team & Culture",
        "prompts": [
            {
                "title": "Team Goals",
                "content": "What are the main OKRs (Objectives and Key Results) for the Engineering department this quarter?"
            },
            {
                "title": "Meeting Etiquette",
                "content": "What are the standard working hours and expectations regarding meeting attendance for remote employees?"
            },
            {
                "title": "Org Chart",
                "content": "Show me the organizational chart for my department so I can understand the reporting structure."
            }
        ]
    },
    {
        "category": "Tools & Access",
        "prompts": [
            {
                "title": "Jira Access",
                "content": "I cannot access the Jira board. How do I request permission for the 'Mobile App' project?"
            },
            {
                "title": "Cloud Credentials",
                "content": "What is the procedure to request AWS/Azure console access for the development environment?"
            },
            {
                "title": "Software License",
                "content": "How do I request a license key for JetBrains IntelliJ IDEA?"
            }
        ]
    },
    {
        "category": "General Productivity",
        "prompts": [
            {
                "title": "Summarize Meeting",
                "content": "Here are my notes from the team sync. Please summarize them into 3 key takeaways and action items:\n\n[PASTE NOTES]"
            },
            {
                "title": "Draft Intro Email",
                "content": "Draft a friendly email introducing myself to the wider team. Mention my background in Angular and my excitement to join."
            },
            {
                "title": "Fix JSON",
                "content": "I have a JSON file that is giving me a syntax error. Please find the error and fix it:\n\n[PASTE JSON]"
            }
        ]
    }
]