{
    "appTitle": "Onboard Assistant",
    "main": [
        {
            "label": "Dashboard",
            "icon": "dashboard",
            "route": "/dashboard"
        },
        {
            "label": "Ally",
            "icon": "smart_toy",
            "route": "/ally"
        },
        {
            "label": "Org Chart",
            "icon": "account_tree",
            "route": "/org-chart"
        },
        {
            "label": "Team Schedule",
            "icon": "calendar_month",
            "route": "/team-schedule"
        }
    ],
    "admin": [
        {
            "label": "Admin Console",
            "icon": "admin_panel_settings",
            "route": "/admin",
            "roles": [
                "Admin"
            ]
        }
    ]
}