{
  "hash": "52372a0d",
  "configHash": "665422ab",
  "lockfileHash": "5538e8a6",
  "browserHash": "520e2449",
  "optimized": {
    "@angular/cdk/bidi": {
      "src": "../../../../../../node_modules/@angular/cdk/fesm2022/bidi.mjs",
      "file": "@angular_cdk_bidi.js",
      "fileHash": "234c96d0",
      "needsInterop": false
    },
    "@angular/cdk/scrolling": {
      "src": "../../../../../../node_modules/@angular/cdk/fesm2022/scrolling.mjs",
      "file": "@angular_cdk_scrolling.js",
      "fileHash": "787da9d5",
      "needsInterop": false
    },
    "@angular/cdk/text-field": {
      "src": "../../../../../../node_modules/@angular/cdk/fesm2022/text-field.mjs",
      "file": "@angular_cdk_text-field.js",
      "fileHash": "022e38a6",
      "needsInterop": false
    },
    "@angular/common": {
      "src": "../../../../../../node_modules/@angular/common/fesm2022/common.mjs",
      "file": "@angular_common.js",
      "fileHash": "9c6dd66d",
      "needsInterop": false
    },
    "@angular/common/http": {
      "src": "../../../../../../node_modules/@angular/common/fesm2022/http.mjs",
      "file": "@angular_common_http.js",
      "fileHash": "23eefef9",
      "needsInterop": false
    },
    "@angular/core": {
      "src": "../../../../../../node_modules/@angular/core/fesm2022/core.mjs",
      "file": "@angular_core.js",
      "fileHash": "21e5edf3",
      "needsInterop": false
    },
    "@angular/forms": {
      "src": "../../../../../../node_modules/@angular/forms/fesm2022/forms.mjs",
      "file": "@angular_forms.js",
      "fileHash": "c3bac03a",
      "needsInterop": false
    },
    "@angular/material/button": {
      "src": "../../../../../../node_modules/@angular/material/fesm2022/button.mjs",
      "file": "@angular_material_button.js",
      "fileHash": "2e09daee",
      "needsInterop": false
    },
    "@angular/material/chips": {
      "src": "../../../../../../node_modules/@angular/material/fesm2022/chips.mjs",
      "file": "@angular_material_chips.js",
      "fileHash": "abe65d4a",
      "needsInterop": false
    },
    "@angular/material/divider": {
      "src": "../../../../../../node_modules/@angular/material/fesm2022/divider.mjs",
      "file": "@angular_material_divider.js",
      "fileHash": "2381e873",
      "needsInterop": false
    },
    "@angular/material/form-field": {
      "src": "../../../../../../node_modules/@angular/material/fesm2022/form-field.mjs",
      "file": "@angular_material_form-field.js",
      "fileHash": "58caafa0",
      "needsInterop": false
    },
    "@angular/material/icon": {
      "src": "../../../../../../node_modules/@angular/material/fesm2022/icon.mjs",
      "file": "@angular_material_icon.js",
      "fileHash": "bddb0f6a",
      "needsInterop": false
    },
    "@angular/material/input": {
      "src": "../../../../../../node_modules/@angular/material/fesm2022/input.mjs",
      "file": "@angular_material_input.js",
      "fileHash": "e035e793",
      "needsInterop": false
    },
    "@angular/material/list": {
      "src": "../../../../../../node_modules/@angular/material/fesm2022/list.mjs",
      "file": "@angular_material_list.js",
      "fileHash": "fa2cef2f",
      "needsInterop": false
    },
    "@angular/material/progress-bar": {
      "src": "../../../../../../node_modules/@angular/material/fesm2022/progress-bar.mjs",
      "file": "@angular_material_progress-bar.js",
      "fileHash": "08758597",
      "needsInterop": false
    },
    "@angular/material/snack-bar": {
      "src": "../../../../../../node_modules/@angular/material/fesm2022/snack-bar.mjs",
      "file": "@angular_material_snack-bar.js",
      "fileHash": "a4e5502e",
      "needsInterop": false
    },
    "@angular/material/toolbar": {
      "src": "../../../../../../node_modules/@angular/material/fesm2022/toolbar.mjs",
      "file": "@angular_material_toolbar.js",
      "fileHash": "076ad24b",
      "needsInterop": false
    },
    "@angular/material/tooltip": {
      "src": "../../../../../../node_modules/@angular/material/fesm2022/tooltip.mjs",
      "file": "@angular_material_tooltip.js",
      "fileHash": "6d835622",
      "needsInterop": false
    },
    "@angular/platform-browser": {
      "src": "../../../../../../node_modules/@angular/platform-browser/fesm2022/platform-browser.mjs",
      "file": "@angular_platform-browser.js",
      "fileHash": "05647e51",
      "needsInterop": false
    },
    "@angular/platform-browser/animations": {
      "src": "../../../../../../node_modules/@angular/platform-browser/fesm2022/animations.mjs",
      "file": "@angular_platform-browser_animations.js",
      "fileHash": "f3740fb0",
      "needsInterop": false
    },
    "@angular/router": {
      "src": "../../../../../../node_modules/@angular/router/fesm2022/router.mjs",
      "file": "@angular_router.js",
      "fileHash": "8046b289",
      "needsInterop": false
    },
    "rxjs": {
      "src": "../../../../../../node_modules/rxjs/dist/esm5/index.js",
      "file": "rxjs.js",
      "fileHash": "2861cffc",
      "needsInterop": false
    }
  },
  "chunks": {
    "chunk-43WLM4ZT": {
      "file": "chunk-43WLM4ZT.js"
    },
    "chunk-BJ7C3726": {
      "file": "chunk-BJ7C3726.js"
    },
    "chunk-NX3OEPNN": {
      "file": "chunk-NX3OEPNN.js"
    },
    "chunk-E4CIPQBY": {
      "file": "chunk-E4CIPQBY.js"
    },
    "chunk-JNIIFYOH": {
      "file": "chunk-JNIIFYOH.js"
    },
    "chunk-FYMQGEZ5": {
      "file": "chunk-FYMQGEZ5.js"
    },
    "chunk-WLMCGFSD": {
      "file": "chunk-WLMCGFSD.js"
    },
    "chunk-S43VRXQM": {
      "file": "chunk-S43VRXQM.js"
    },
    "chunk-O7LISFRQ": {
      "file": "chunk-O7LISFRQ.js"
    },
    "chunk-JAI5LWIH": {
      "file": "chunk-JAI5LWIH.js"
    },
    "chunk-ZT4MPUNU": {
      "file": "chunk-ZT4MPUNU.js"
    },
    "chunk-DRIAIJNO": {
      "file": "chunk-DRIAIJNO.js"
    },
    "chunk-NFQX47TW": {
      "file": "chunk-NFQX47TW.js"
    },
    "chunk-N3BKS3QP": {
      "file": "chunk-N3BKS3QP.js"
    },
    "chunk-NGX5KMVR": {
      "file": "chunk-NGX5KMVR.js"
    },
    "chunk-SDRJDHPH": {
      "file": "chunk-SDRJDHPH.js"
    },
    "chunk-5EWDFH2O": {
      "file": "chunk-5EWDFH2O.js"
    },
    "chunk-42QFQP6S": {
      "file": "chunk-42QFQP6S.js"
    },
    "chunk-5H6MBJA4": {
      "file": "chunk-5H6MBJA4.js"
    },
    "chunk-KYP7WMFK": {
      "file": "chunk-KYP7WMFK.js"
    },
    "chunk-N4DOILP3": {
      "file": "chunk-N4DOILP3.js"
    },
    "chunk-GUGIMSVJ": {
      "file": "chunk-GUGIMSVJ.js"
    },
    "chunk-AOQ4RCD5": {
      "file": "chunk-AOQ4RCD5.js"
    },
    "chunk-XYBFVC5N": {
      "file": "chunk-XYBFVC5N.js"
    },
    "chunk-SZYYS24I": {
      "file": "chunk-SZYYS24I.js"
    },
    "chunk-FHXNRTFX": {
      "file": "chunk-FHXNRTFX.js"
    },
    "chunk-FLCD4R7N": {
      "file": "chunk-FLCD4R7N.js"
    },
    "chunk-7LA4MYMM": {
      "file": "chunk-7LA4MYMM.js"
    },
    "chunk-UC72YTJX": {
      "file": "chunk-UC72YTJX.js"
    },
    "chunk-WKLQYTUL": {
      "file": "chunk-WKLQYTUL.js"
    },
    "chunk-PJVWDKLX": {
      "file": "chunk-PJVWDKLX.js"
    }
  }
}