{
    "priorityActions": [
        {
            "id": "1",
            "type": "high",
            "title": "Equipment Approval Required",
            "time": "2 hours ago",
            "description": "MacBook Pro M3 Request for ",
            "descriptionBold": "Alice Baker",
            "icon": "laptop_mac",
            "actionLabel": "Review",
            "actionId": "approve_equipment"
        },
        {
            "id": "2",
            "type": "high",
            "title": "Assign Onboarding Buddy",
            "time": "Due Tomorrow",
            "description": "Mike Ross starts on Monday. Assign a peer mentor.",
            "descriptionBold": "",
            "icon": "person_add",
            "actionLabel": "Assign",
            "actionId": "assign_buddy"
        },
        {
            "id": "3",
            "type": "medium",
            "title": "Draft Welcome Announcement",
            "time": "Suggested",
            "description": "Team introduction email for ",
            "descriptionBold": "Sarah Jenkins",
            "icon": "campaign",
            "actionLabel": "Draft",
            "actionId": "draft_welcome"
        }
    ],
    "notifications": [
        {
            "id": "1",
            "user": "Alice Kumar",
            "message": "completed \"Security Training\".",
            "isUrgent": false
        },
        {
            "id": "2",
            "user": "John Doe",
            "message": "Laptop delivery delayed.",
            "isUrgent": true
        }
    ],
    "metrics": {
        "pendingApprovals": 5,
        "totalJoiners": 12,
        "startingSoon": 3
    }
}