{
  "hash": "2c557898",
  "configHash": "b21f74cd",
  "lockfileHash": "5538e8a6",
  "browserHash": "3b8ac7a2",
  "optimized": {
    "@angular/cdk/bidi": {
      "src": "../../../../../../node_modules/@angular/cdk/fesm2022/bidi.mjs",
      "file": "@angular_cdk_bidi.js",
      "fileHash": "33db8243",
      "needsInterop": false
    },
    "@angular/cdk/scrolling": {
      "src": "../../../../../../node_modules/@angular/cdk/fesm2022/scrolling.mjs",
      "file": "@angular_cdk_scrolling.js",
      "fileHash": "8ab9b6ca",
      "needsInterop": false
    },
    "@angular/cdk/text-field": {
      "src": "../../../../../../node_modules/@angular/cdk/fesm2022/text-field.mjs",
      "file": "@angular_cdk_text-field.js",
      "fileHash": "32defa97",
      "needsInterop": false
    },
    "@angular/common": {
      "src": "../../../../../../node_modules/@angular/common/fesm2022/common.mjs",
      "file": "@angular_common.js",
      "fileHash": "5a6ccffb",
      "needsInterop": false
    },
    "@angular/common/http": {
      "src": "../../../../../../node_modules/@angular/common/fesm2022/http.mjs",
      "file": "@angular_common_http.js",
      "fileHash": "22b0ab24",
      "needsInterop": false
    },
    "@angular/core": {
      "src": "../../../../../../node_modules/@angular/core/fesm2022/core.mjs",
      "file": "@angular_core.js",
      "fileHash": "8cdc0fe8",
      "needsInterop": false
    },
    "@angular/forms": {
      "src": "../../../../../../node_modules/@angular/forms/fesm2022/forms.mjs",
      "file": "@angular_forms.js",
      "fileHash": "f90012a7",
      "needsInterop": false
    },
    "@angular/material/button": {
      "src": "../../../../../../node_modules/@angular/material/fesm2022/button.mjs",
      "file": "@angular_material_button.js",
      "fileHash": "d13a0296",
      "needsInterop": false
    },
    "@angular/material/chips": {
      "src": "../../../../../../node_modules/@angular/material/fesm2022/chips.mjs",
      "file": "@angular_material_chips.js",
      "fileHash": "43949d18",
      "needsInterop": false
    },
    "@angular/material/divider": {
      "src": "../../../../../../node_modules/@angular/material/fesm2022/divider.mjs",
      "file": "@angular_material_divider.js",
      "fileHash": "98325183",
      "needsInterop": false
    },
    "@angular/material/form-field": {
      "src": "../../../../../../node_modules/@angular/material/fesm2022/form-field.mjs",
      "file": "@angular_material_form-field.js",
      "fileHash": "34dee03a",
      "needsInterop": false
    },
    "@angular/material/icon": {
      "src": "../../../../../../node_modules/@angular/material/fesm2022/icon.mjs",
      "file": "@angular_material_icon.js",
      "fileHash": "9651401c",
      "needsInterop": false
    },
    "@angular/material/input": {
      "src": "../../../../../../node_modules/@angular/material/fesm2022/input.mjs",
      "file": "@angular_material_input.js",
      "fileHash": "98e642f2",
      "needsInterop": false
    },
    "@angular/material/list": {
      "src": "../../../../../../node_modules/@angular/material/fesm2022/list.mjs",
      "file": "@angular_material_list.js",
      "fileHash": "4d22afc2",
      "needsInterop": false
    },
    "@angular/material/progress-bar": {
      "src": "../../../../../../node_modules/@angular/material/fesm2022/progress-bar.mjs",
      "file": "@angular_material_progress-bar.js",
      "fileHash": "d8cd0c72",
      "needsInterop": false
    },
    "@angular/material/slide-toggle": {
      "src": "../../../../../../node_modules/@angular/material/fesm2022/slide-toggle.mjs",
      "file": "@angular_material_slide-toggle.js",
      "fileHash": "fc25073c",
      "needsInterop": false
    },
    "@angular/material/snack-bar": {
      "src": "../../../../../../node_modules/@angular/material/fesm2022/snack-bar.mjs",
      "file": "@angular_material_snack-bar.js",
      "fileHash": "3178b958",
      "needsInterop": false
    },
    "@angular/material/toolbar": {
      "src": "../../../../../../node_modules/@angular/material/fesm2022/toolbar.mjs",
      "file": "@angular_material_toolbar.js",
      "fileHash": "695169e1",
      "needsInterop": false
    },
    "@angular/material/tooltip": {
      "src": "../../../../../../node_modules/@angular/material/fesm2022/tooltip.mjs",
      "file": "@angular_material_tooltip.js",
      "fileHash": "a86fb880",
      "needsInterop": false
    },
    "@angular/platform-browser": {
      "src": "../../../../../../node_modules/@angular/platform-browser/fesm2022/platform-browser.mjs",
      "file": "@angular_platform-browser.js",
      "fileHash": "57d03b5f",
      "needsInterop": false
    },
    "@angular/platform-browser/animations": {
      "src": "../../../../../../node_modules/@angular/platform-browser/fesm2022/animations.mjs",
      "file": "@angular_platform-browser_animations.js",
      "fileHash": "56ba1314",
      "needsInterop": false
    },
    "@angular/router": {
      "src": "../../../../../../node_modules/@angular/router/fesm2022/router.mjs",
      "file": "@angular_router.js",
      "fileHash": "3f6bb709",
      "needsInterop": false
    },
    "rxjs": {
      "src": "../../../../../../node_modules/rxjs/dist/esm5/index.js",
      "file": "rxjs.js",
      "fileHash": "855ee28d",
      "needsInterop": false
    }
  },
  "chunks": {
    "chunk-43WLM4ZT": {
      "file": "chunk-43WLM4ZT.js"
    },
    "chunk-BJ7C3726": {
      "file": "chunk-BJ7C3726.js"
    },
    "chunk-E4CIPQBY": {
      "file": "chunk-E4CIPQBY.js"
    },
    "chunk-ZT4MPUNU": {
      "file": "chunk-ZT4MPUNU.js"
    },
    "chunk-3K4KZN63": {
      "file": "chunk-3K4KZN63.js"
    },
    "chunk-JY77CN6M": {
      "file": "chunk-JY77CN6M.js"
    },
    "chunk-42ESXIAT": {
      "file": "chunk-42ESXIAT.js"
    },
    "chunk-KH3RGIRS": {
      "file": "chunk-KH3RGIRS.js"
    },
    "chunk-FQIKDY24": {
      "file": "chunk-FQIKDY24.js"
    },
    "chunk-NGX5KMVR": {
      "file": "chunk-NGX5KMVR.js"
    },
    "chunk-MZ5G33CA": {
      "file": "chunk-MZ5G33CA.js"
    },
    "chunk-S43VRXQM": {
      "file": "chunk-S43VRXQM.js"
    },
    "chunk-JAI5LWIH": {
      "file": "chunk-JAI5LWIH.js"
    },
    "chunk-O7LISFRQ": {
      "file": "chunk-O7LISFRQ.js"
    },
    "chunk-FLCD4R7N": {
      "file": "chunk-FLCD4R7N.js"
    },
    "chunk-USWXXJAZ": {
      "file": "chunk-USWXXJAZ.js"
    },
    "chunk-U4P5ZKAS": {
      "file": "chunk-U4P5ZKAS.js"
    },
    "chunk-K3XOAB6P": {
      "file": "chunk-K3XOAB6P.js"
    },
    "chunk-5H6MBJA4": {
      "file": "chunk-5H6MBJA4.js"
    },
    "chunk-42QFQP6S": {
      "file": "chunk-42QFQP6S.js"
    },
    "chunk-KYP7WMFK": {
      "file": "chunk-KYP7WMFK.js"
    },
    "chunk-N4DOILP3": {
      "file": "chunk-N4DOILP3.js"
    },
    "chunk-5EWDFH2O": {
      "file": "chunk-5EWDFH2O.js"
    },
    "chunk-GUGIMSVJ": {
      "file": "chunk-GUGIMSVJ.js"
    },
    "chunk-XYBFVC5N": {
      "file": "chunk-XYBFVC5N.js"
    },
    "chunk-SZYYS24I": {
      "file": "chunk-SZYYS24I.js"
    },
    "chunk-FHXNRTFX": {
      "file": "chunk-FHXNRTFX.js"
    },
    "chunk-AOQ4RCD5": {
      "file": "chunk-AOQ4RCD5.js"
    },
    "chunk-7LA4MYMM": {
      "file": "chunk-7LA4MYMM.js"
    },
    "chunk-UC72YTJX": {
      "file": "chunk-UC72YTJX.js"
    },
    "chunk-WKLQYTUL": {
      "file": "chunk-WKLQYTUL.js"
    },
    "chunk-PJVWDKLX": {
      "file": "chunk-PJVWDKLX.js"
    }
  }
}