[
    {
        "title": "Prompt Library",
        "description": "Create, edit, and manage system prompts for the AI Assistant.",
        "icon": "library_books",
        "colorClass": "blue-card",
        "route": "/admin/prompts"
    },
    {
        "title": "Feedback Analytics",
        "description": "Review user feedback scores, comments, and sentiment trends.",
        "icon": "thumb_up_alt",
        "colorClass": "purple-card",
        "route": "/admin/analytics"
    },
    {
        "title": "System Settings",
        "description": "Configure global application settings and integrations.",
        "icon": "settings_suggest",
        "colorClass": "slate-card",
        "route": "/admin/settings"
    }
]