{
    "Report_Entry": [
        {
            "Employee_ID": "e008",
            "Legal_Name": "Michael Scott",
            "Business_Title": "Director of Operations",
            "Management_Level": "Director",
            "Photo_URL": "",
            "workers": [
                {
                    "Employee_ID": "e002",
                    "Legal_Name": "John Doe",
                    "Business_Title": "Engineering Manager",
                    "Management_Level": "Manager",
                    "Photo_URL": "",
                    "workers": [
                        {
                            "Employee_ID": "e001",
                            "Legal_Name": "Ramya Kanthamneni",
                            "Business_Title": "Software Engineer",
                            "Management_Level": "Individual Contributor",
                            "is_Logged_In_User": true,
                            "Photo_URL": "",
                            "workers": []
                        },
                        {
                            "Employee_ID": "e009",
                            "Legal_Name": "Linda Wang",
                            "Business_Title": "Backend Developer",
                            "Management_Level": "Individual Contributor",
                            "Photo_URL": "",
                            "workers": []
                        },
                        {
                            "Employee_ID": "e005",
                            "Legal_Name": "Sarah Connor",
                            "Business_Title": "Security Analyst",
                            "Management_Level": "Individual Contributor",
                            "Photo_URL": "",
                            "workers": []
                        }
                    ]
                },
                {
                    "Employee_ID": "e004",
                    "Legal_Name": "Robert Chen",
                    "Business_Title": "Product Lead",
                    "Management_Level": "Manager",
                    "Photo_URL": "",
                    "workers": [
                        {
                            "Employee_ID": "e006",
                            "Legal_Name": "David Miller",
                            "Business_Title": "UX Designer",
                            "Management_Level": "Individual Contributor",
                            "Photo_URL": "",
                            "workers": []
                        },
                        {
                            "Employee_ID": "e003",
                            "Legal_Name": "Alice Kumar",
                            "Business_Title": "QA Engineer",
                            "Management_Level": "Individual Contributor",
                            "Photo_URL": "",
                            "workers": []
                        }
                    ]
                },
                {
                    "Employee_ID": "e010",
                    "Legal_Name": "Kevin Malone",
                    "Business_Title": "Head of Accounts",
                    "Management_Level": "Manager",
                    "Photo_URL": "",
                    "workers": []
                }
            ]
        }
    ]
}