[
    {
        "id": "fb-101",
        "query": "How do I request a new laptop?",
        "aiResponse": "You can request equipment via the ServiceNow portal...",
        "user": "e001",
        "rating": "like",
        "timestamp": "2025-10-25T09:30:00Z",
        "category": "IT"
    },
    {
        "id": "fb-102",
        "query": "What is the holiday policy?",
        "aiResponse": "I am not sure about that specific detail.",
        "user": "e002",
        "rating": "dislike",
        "timestamp": "2025-10-25T10:15:00Z",
        "category": "HR"
    },
    {
        "id": "fb-103",
        "query": "Where is the cafetaria?",
        "aiResponse": "The cafeteria is on the 2nd floor, building B4.",
        "user": "e001",
        "rating": "like",
        "timestamp": "2025-10-26T12:00:00Z",
        "category": "General"
    },
    {
        "id": "fb-104",
        "query": "VPN settings for Mac",
        "aiResponse": "Please download the Cisco AnyConnect client.",
        "user": "e003",
        "rating": "like",
        "timestamp": "2025-10-27T08:45:00Z",
        "category": "IT"
    },
    {
        "id": "fb-105",
        "query": "Manager contact info",
        "aiResponse": "I cannot provide private contact information.",
        "user": "e004",
        "rating": "dislike",
        "timestamp": "2025-10-28T14:20:00Z",
        "category": "HR"
    }
]